{
  "player1": {
    "episodes": 100,
    "rewards": [
      12.49080237694725,
      24.01428612819832,
      19.6398788362281,
      16.973169683940732,
      8.12037280884873,
      8.119890406724053,
      6.16167224336399,
      22.323522915498703,
      17.022300234864176,
      19.16145155592091,
      5.411689885916049,
      24.398197043239886,
      21.648852816008436,
      9.246782213565524,
      8.636499344142013,
      8.668090197068675,
      11.084844859190754,
      15.495128632644757,
      13.638900372842315,
      10.824582803960839,
      17.237057894447588,
      7.789877213040837,
      10.842892970704362,
      12.327236865873834,
      14.12139968434072,
      20.703519227860273,
      8.993475643167194,
      15.284688768272233,
      16.848291377240848,
      5.929008254399955,
      17.150897038028766,
      8.41048247374583,
      6.30103185970559,
      23.977710745066666,
      24.312640661491187,
      21.16794696232922,
      11.092275383467413,
      6.953442280127677,
      18.684660530243136,
      13.803049874792027,
      7.4407646968955765,
      14.903538202225404,
      5.687770422304368,
      23.186408041575643,
      10.175599632000338,
      18.25044568707964,
      11.23422152178822,
      15.401360423556216,
      15.934205586865593,
      8.697089110510541,
      24.391692555291172,
      20.50265646722229,
      23.789978831283783,
      22.896547008552975,
      16.957999576221702,
      23.437484700462335,
      6.76985004103839,
      8.919657248382904,
      5.904545778210761,
      11.506606615265287,
      12.77354579378964,
      10.426980635477918,
      21.57475018303859,
      12.135066533871786,
      10.618690193747614,
      15.85392166316497,
      7.818484499495253,
      21.043939615080795,
      6.491012873595416,
      24.737738732010346,
      20.444895385933147,
      8.974313630683447,
      5.110442342472048,
      21.309228569096682,
      19.137146876952343,
      19.580143360819747,
      20.425406933718914,
      6.480893034681808,
      12.169314570885453,
      7.317381190502594,
      22.26206851751187,
      17.46596253655116,
      11.617960497052984,
      6.271167005720473,
      11.219646434313244,
      11.503666440534941,
      19.59212356676128,
      17.751149427104263,
      22.74425485152653,
      14.444298503238986,
      7.391884918766034,
      19.2648957444599,
      20.21570097233795,
      16.225543951389923,
      20.41934359909122,
      14.875911927287815,
      15.454656587639882,
      13.550820367170992,
      5.508382534881903,
      7.157828539866089
    ],
    "avg_reward": 14.403614867564189,
    "best_reward": 24.737738732010346,
    "worst_reward": 5.110442342472048,
    "final_reward": 7.157828539866089,
    "improvement": -5.332973837081162
  },
  "player2": {
    "episodes": 100,
    "rewards": [
      5.628583713734685,
      17.72820822527561,
      11.287119621526534,
      15.171413823294056,
      23.15132947852186,
      9.9858445829775,
      13.207658460712594,
      20.111022770860973,
      9.57596330983245,
      6.539598196575859,
      10.795029058275361,
      8.224425745080088,
      23.59395304685146,
      21.16240759128834,
      17.66807513020847,
      22.429211803754356,
      21.07344153798229,
      8.731401177720716,
      22.851179969799556,
      15.786844838313014,
      21.14880310328125,
      22.921825998469863,
      11.360069499437277,
      7.201038490553535,
      9.558703250838834,
      13.542155772525126,
      21.36029531844986,
      22.214611665126867,
      5.1390426106238145,
      15.214946051551316,
      13.34822006297558,
      9.442156209414605,
      7.3973073466736565,
      11.752303428072558,
      23.858194078250385,
      11.464058640415104,
      15.375812434867322,
      19.060379177903556,
      12.27259204758588,
      24.435641654419214,
      24.248945898842223,
      10.035645916507283,
      14.94497011784771,
      11.017566196335393,
      10.696809887549353,
      5.737738947090656,
      17.191286679597937,
      15.05358046457723,
      6.029575024999787,
      10.57292928473223,
      23.165317719333075,
      9.791237813339448,
      7.897897441824462,
      14.78905520555126,
      24.713009082212015,
      9.841105430230009,
      18.442710948117572,
      20.23239230657435,
      9.752750879847994,
      19.56432697223719,
      12.355662654385064,
      17.64611661187159,
      17.670594215217896,
      15.71549368149517,
      6.805795401088166,
      21.70604991178476,
      11.415601299434716,
      8.730370207997085,
      5.815502831095278,
      16.817858863764837,
      18.55128723684565,
      5.331756578557123,
      15.24186116598562,
      9.529915503958758,
      17.903455808188998,
      8.48732858009983,
      18.81875476204932,
      12.734706926010748,
      23.73459977473469,
      7.750418882919865,
      11.821327021005171,
      7.269470424811781,
      23.493872365571256,
      22.54678706761962,
      10.158832554303112,
      18.19968092068358,
      21.344444004024318,
      16.10401623198925,
      15.59301156712013,
      9.837045818009035,
      6.862055356117985,
      22.944315159066534,
      23.008361143266608,
      17.66202914546536,
      11.780595820974014,
      11.984191492253217,
      19.519113577404788,
      22.942205199051543,
      22.741728485302346,
      20.597510917152476
    ],
    "avg_reward": 14.956634463100459,
    "best_reward": 24.713009082212015,
    "worst_reward": 5.1390426106238145,
    "final_reward": 20.597510917152476,
    "improvement": 14.968927203417792
  },
  "timestamp": "2025-10-29T09:48:02.914209"
}